cnt,temp,hum,windspeed,workingday,season,rentals
985,0.344167,0.805833,0.160446,0,1,985
801,0.363478,0.696087,0.248539,0,1,801
1349,0.196364,0.437273,0.248309,1,1,1349
1562,0.2,0.590435,0.160296,1,1,1562
1600,0.226957,0.436957,0.1869,1,1,1600
1606,0.204348,0.518261,0.0895652,1,1,1606
1510,0.196522,0.498696,0.168726,1,1,1510
959,0.165,0.535833,0.266804,0,1,959
822,0.138333,0.434167,0.36195,0,1,822
1321,0.150833,0.482917,0.223267,1,1,1321
1263,0.169091,0.686364,0.122132,1,1,1263
1162,0.172727,0.599545,0.304627,1,1,1162
1406,0.165,0.470417,0.301,1,1,1406
1421,0.16087,0.537826,0.126548,1,1,1421
1248,0.233333,0.49875,0.157963,0,1,1248
1204,0.231667,0.48375,0.188433,0,1,1204
1000,0.175833,0.5375,0.194017,0,1,1000
683,0.216667,0.861667,0.146775,1,1,683
1650,0.292174,0.741739,0.208317,1,1,1650
1927,0.261667,0.538333,0.195904,1,1,1927
1543,0.1775,0.457083,0.353242,1,1,1543
981,0.0591304,0.4,0.17197,0,1,981
986,0.0965217,0.436522,0.2466,0,1,986
1416,0.0973913,0.491739,0.15833,1,1,1416
1985,0.223478,0.616957,0.129796,1,1,1985
506,0.2175,0.8625,0.29385,1,1,506
431,0.195,0.6875,0.113837,1,1,431
1167,0.203478,0.793043,0.1233,1,1,1167
1098,0.196522,0.651739,0.145365,0,1,1098
1096,0.216522,0.722174,0.0739826,0,1,1096
1501,0.180833,0.60375,0.187192,1,1,1501
1360,0.192174,0.829565,0.053213,1,1,1360
1526,0.26,0.775417,0.264308,1,1,1526
1550,0.186957,0.437826,0.277752,1,1,1550
1708,0.211304,0.585217,0.127839,1,1,1708
1005,0.233333,0.929167,0.161079,0,1,1005
1623,0.285833,0.568333,0.1418,0,1,1623
1712,0.271667,0.738333,0.0454083,1,1,1712
1530,0.220833,0.537917,0.36195,1,1,1530
1605,0.134783,0.494783,0.188839,1,1,1605
1538,0.144348,0.437391,0.221935,1,1,1538
1746,0.189091,0.506364,0.10855,1,1,1746
1472,0.2225,0.544167,0.203367,0,1,1472
1589,0.316522,0.457391,0.260883,0,1,1589
1913,0.415,0.375833,0.417908,1,1,1913
1815,0.266087,0.314348,0.291374,1,1,1815
2115,0.318261,0.423478,0.251791,1,1,2115
2475,0.435833,0.505,0.230104,1,1,2475
2927,0.521667,0.516667,0.264925,1,1,2927
1635,0.399167,0.187917,0.507463,0,1,1635
1812,0.285217,0.407826,0.223235,0,1,1812
1107,0.303333,0.605,0.307846,0,1,1107
1450,0.182222,0.577778,0.195683,1,1,1450
1917,0.221739,0.423043,0.094113,1,1,1917
1807,0.295652,0.697391,0.250496,1,1,1807
1461,0.364348,0.712174,0.346539,1,1,1461
1969,0.2825,0.537917,0.186571,0,1,1969
2402,0.343478,0.68,0.125248,0,1,2402
1446,0.407273,0.876364,0.289686,1,1,1446
1851,0.266667,0.535,0.216425,1,1,1851
2134,0.335,0.449583,0.307833,1,1,2134
1685,0.198333,0.318333,0.225754,1,1,1685
1944,0.261667,0.610417,0.203346,1,1,1944
2077,0.384167,0.789167,0.251871,0,1,2077
605,0.376522,0.948261,0.343287,0,1,605
1872,0.261739,0.551304,0.341352,1,1,1872
2133,0.2925,0.420833,0.12065,1,1,2133
1891,0.295833,0.775417,0.22015,1,1,1891
623,0.389091,0,0.261877,1,1,623
1977,0.316522,0.649565,0.23297,1,1,1977
2132,0.329167,0.594583,0.220775,0,1,2132
2417,0.384348,0.527391,0.270604,0,1,2417
2046,0.325217,0.496957,0.136926,1,1,2046
2056,0.317391,0.655652,0.184309,1,1,2056
2192,0.365217,0.776522,0.203117,1,1,2192
2744,0.415,0.602917,0.209579,1,1,2744
3239,0.54,0.525217,0.231017,1,1,3239
3117,0.4725,0.379167,0.368167,0,1,3117
2471,0.3325,0.47375,0.207721,0,1,2471
2077,0.430435,0.737391,0.288783,1,2,2077
2703,0.441667,0.624583,0.22575,1,2,2703
2121,0.346957,0.839565,0.234261,1,2,2121
1865,0.285,0.805833,0.243787,1,2,1865
2210,0.264167,0.495,0.230725,1,2,2210
2496,0.265833,0.394167,0.209571,0,2,2496
1693,0.253043,0.493913,0.1843,0,2,1693
2028,0.264348,0.302174,0.212204,1,2,2028
2425,0.3025,0.314167,0.226996,1,2,2425
1536,0.3,0.646667,0.17288799999999999,1,2,1536
1685,0.268333,0.918333,0.217646,1,2,1685
2227,0.3,0.68625,0.258708,1,2,2227
2252,0.315,0.65375,0.197146,0,2,2252
3249,0.378333,0.48,0.18221300000000001,0,2,3249
3115,0.573333,0.42625,0.385571,1,2,3115
1795,0.414167,0.642083,0.388067,1,2,1795
2808,0.390833,0.470833,0.263063,1,2,2808
3141,0.4375,0.602917,0.162312,1,2,3141
1471,0.335833,0.83625,0.226992,1,2,1471
2455,0.3425,0.8775,0.133083,0,2,2455
2895,0.426667,0.8575,0.146767,0,2,2895
3348,0.595652,0.716956,0.324474,1,2,3348
2034,0.5025,0.739167,0.274879,1,2,2034
2162,0.4125,0.819167,0.250617,1,2,2162
3267,0.4675,0.540417,0.1107,1,2,3267
3126,0.446667,0.67125,0.226375,0,2,3126
795,0.430833,0.888333,0.340808,0,2,795
3744,0.456667,0.479583,0.303496,0,2,3744
3429,0.5125,0.5425,0.163567,1,2,3429
3204,0.505833,0.665833,0.157971,1,2,3204
3944,0.595,0.614167,0.241925,1,2,3944
4189,0.459167,0.407083,0.325258,1,2,4189
1683,0.336667,0.729583,0.219521,1,2,1683
4036,0.46,0.887917,0.230725,0,2,4036
4191,0.581667,0.810833,0.192175,0,2,4191
4073,0.606667,0.776667,0.185333,1,2,4073
4400,0.631667,0.729167,0.3265,1,2,4400
3872,0.62,0.835417,0.3122,1,2,3872
4058,0.6175,0.700833,0.320908,1,2,4058
4595,0.51,0.457083,0.240063,1,2,4595
5312,0.4725,0.503333,0.235075,0,2,5312
3351,0.451667,0.762083,0.106354,0,2,3351
4401,0.549167,0.73,0.183454,1,2,4401
4451,0.616667,0.697083,0.342667,1,2,4451
2633,0.414167,0.737083,0.328996,1,2,2633
4433,0.459167,0.444167,0.295392,1,2,4433
4608,0.479167,0.59,0.228246,1,2,4608
4714,0.52,0.54125,0.16045,0,2,4714
4333,0.528333,0.631667,0.0746375,0,2,4333
4362,0.5325,0.58875,0.176,1,2,4362
4803,0.5325,0.489167,0.115671,1,2,4803
4182,0.5425,0.632917,0.120642,1,2,4182
4864,0.535,0.7475,0.189667,1,2,4864
4105,0.5125,0.863333,0.179725,1,2,4105
3409,0.520833,0.9225,0.13495,0,2,3409
4553,0.5625,0.867083,0.152979,0,2,4553
3958,0.5775,0.787917,0.126871,1,2,3958
4123,0.561667,0.837917,0.277354,1,2,4123
3855,0.55,0.87,0.201492,1,2,3855
4575,0.530833,0.829583,0.108213,1,2,4575
4917,0.536667,0.719583,0.125013,1,2,4917
5805,0.6025,0.626667,0.12065,0,2,5805
4660,0.604167,0.749583,0.148008,0,2,4660
4274,0.631667,0.81,0.233842,1,2,4274
4492,0.66,0.740833,0.207092,1,2,4492
4978,0.660833,0.69625,0.154233,1,2,4978
4677,0.708333,0.6775,0.19964199999999999,1,2,4677
4679,0.681667,0.65375,0.240679,1,2,4679
4758,0.655833,0.729583,0.230092,0,2,4758
4788,0.6675,0.81875,0.213938,0,2,4788
4098,0.733333,0.685,0.131225,0,2,4098
3982,0.775,0.636667,0.111329,1,2,3982
3974,0.764167,0.677083,0.207092,1,2,3974
4968,0.715,0.305,0.292287,1,2,4968
5312,0.62,0.354167,0.253121,1,2,5312
5342,0.635,0.45625,0.123142,0,2,5342
4906,0.648333,0.6525,0.138692,0,2,4906
4548,0.678333,0.6,0.121896,1,2,4548
4833,0.7075,0.597917,0.187808,1,2,4833
4401,0.775833,0.622083,0.136817,1,2,4401
3915,0.808333,0.568333,0.149883,1,2,3915
4586,0.755,0.605,0.140554,1,2,4586
4966,0.725,0.654583,0.15485,0,2,4966
4460,0.6925,0.747917,0.163567,0,2,4460
5020,0.635,0.494583,0.30535,1,2,5020
4891,0.604167,0.507083,0.269283,1,2,4891
5180,0.626667,0.471667,0.167912,1,2,5180
3767,0.628333,0.688333,0.206471,1,2,3767
4844,0.649167,0.735833,0.143029,1,2,4844
5119,0.696667,0.670417,0.119408,0,2,5119
4744,0.699167,0.666667,0.102,0,2,4744
4010,0.635,0.74625,0.155475,1,2,4010
4835,0.680833,0.770417,0.171025,1,3,4835
4507,0.733333,0.7075,0.172262,1,3,4507
4790,0.728333,0.703333,0.238804,1,3,4790
4991,0.724167,0.573333,0.222025,1,3,4991
5202,0.695,0.483333,0.209571,0,3,5202
5305,0.68,0.513333,0.0945333,0,3,5305
4708,0.6825,0.658333,0.107588,1,3,4708
4648,0.744167,0.634167,0.144283,1,3,4648
5225,0.728333,0.497917,0.261821,1,3,5225
5515,0.696667,0.434167,0.185312,1,3,5515
5362,0.7225,0.39625,0.102608,1,3,5362
5119,0.738333,0.444583,0.115062,0,3,5119
4649,0.716667,0.6825,0.228858,0,3,4649
6043,0.726667,0.637917,0.0814792,0,3,6043
4665,0.746667,0.590417,0.126258,1,3,4665
4629,0.72,0.743333,0.149883,1,3,4629
4592,0.75,0.65125,0.1592,1,3,4592
4040,0.709167,0.757917,0.225129,1,3,4040
5336,0.733333,0.609167,0.167912,0,3,5336
4881,0.7475,0.578333,0.183471,0,3,4881
4086,0.7625,0.635833,0.282337,1,3,4086
4258,0.794167,0.559167,0.200254,1,3,4258
4342,0.746667,0.631667,0.146133,1,3,4342
5084,0.680833,0.47625,0.240667,1,3,5084
5538,0.663333,0.59125,0.182833,1,3,5538
5923,0.686667,0.585,0.208342,0,3,5923
5302,0.719167,0.604167,0.245033,0,3,5302
4458,0.746667,0.65125,0.215804,1,3,4458
4541,0.776667,0.650417,0.1306,1,3,4541
4332,0.768333,0.707083,0.113817,1,3,4332
3784,0.815,0.69125,0.222021,1,3,3784
3387,0.848333,0.580417,0.1331,1,3,3387
3285,0.849167,0.5,0.131221,0,3,3285
3606,0.83,0.550833,0.169171,0,3,3606
3840,0.743333,0.757083,0.0908083,1,3,3840
4590,0.771667,0.540833,0.200258,1,3,4590
4656,0.775,0.402917,0.183463,1,3,4656
4390,0.779167,0.583333,0.178479,1,3,4390
3846,0.838333,0.5425,0.174138,1,3,3846
4475,0.804167,0.465833,0.168537,0,3,4475
4302,0.805833,0.480833,0.164813,0,3,4302
4266,0.771667,0.550833,0.156717,1,3,4266
4845,0.783333,0.49125,0.20585,1,3,4845
3574,0.731667,0.6575,0.135583,1,3,3574
4576,0.71,0.7575,0.19715,1,3,4576
4866,0.710833,0.630833,0.184696,1,3,4866
4294,0.716667,0.755,0.22825,0,3,4294
3785,0.7425,0.752917,0.201487,0,3,3785
4326,0.765,0.592083,0.192175,1,3,4326
4602,0.775,0.570417,0.151121,1,3,4602
4780,0.766667,0.424167,0.200258,1,3,4780
4792,0.7175,0.42375,0.164796,1,3,4792
4905,0.708333,0.415,0.125621,1,3,4905
4150,0.685833,0.729583,0.211454,0,3,4150
3820,0.676667,0.8175,0.222633,0,3,3820
4338,0.665833,0.712083,0.208954,1,3,4338
4725,0.700833,0.578333,0.236329,1,3,4725
4694,0.723333,0.575417,0.143667,1,3,4694
3805,0.711667,0.654583,0.233208,1,3,3805
4153,0.685,0.722917,0.139308,1,3,4153
5191,0.6975,0.674167,0.104467,0,3,5191
3873,0.710833,0.77,0.248754,0,3,3873
4758,0.691667,0.47,0.27675,1,3,4758
5895,0.640833,0.455417,0.146763,1,3,5895
5130,0.673333,0.605,0.253108,1,3,5130
3542,0.684167,0.771667,0.210833,1,3,3542
4661,0.7,0.76125,0.0839625,1,3,4661
1115,0.68,0.85,0.375617,0,3,1115
4334,0.707059,0.561765,0.304659,0,3,4334
4634,0.636667,0.554583,0.159825,1,3,4634
5204,0.639167,0.548333,0.125008,1,3,5204
5058,0.656667,0.597917,0.0833333,1,3,5058
5115,0.655,0.639167,0.141796,1,3,5115
4727,0.643333,0.727083,0.139929,1,3,4727
4484,0.669167,0.716667,0.185325,0,3,4484
4940,0.709167,0.742083,0.206467,0,3,4940
3351,0.673333,0.790417,0.212696,0,3,3351
2710,0.54,0.886957,0.343943,1,3,2710
1996,0.599167,0.917083,0.0970208,1,3,1996
1842,0.633913,0.939565,0.192748,1,3,1842
3544,0.65,0.897917,0.124379,1,3,3544
5345,0.66,0.75375,0.153608,0,3,5345
5046,0.653333,0.71375,0.115054,0,3,5046
4713,0.644348,0.692174,0.088913,1,3,4713
4763,0.650833,0.7125,0.141804,1,3,4763
4785,0.673333,0.697083,0.1673,1,3,4785
3659,0.5775,0.709167,0.271146,1,3,3659
4760,0.469167,0.590417,0.164183,1,3,4760
4511,0.491667,0.718333,0.189675,0,3,4511
4274,0.5075,0.695,0.178483,0,3,4274
4539,0.549167,0.69,0.151742,1,3,4539
3641,0.561667,0.88125,0.134954,1,3,3641
4352,0.595,0.9,0.0964042,1,3,4352
4795,0.628333,0.902083,0.128125,1,3,4795
2395,0.609167,0.9725,0.0783667,1,4,2395
5423,0.606667,0.8625,0.0783833,0,4,5423
5010,0.634167,0.845,0.0503792,0,4,5010
4630,0.649167,0.848333,0.1107,1,4,4630
4120,0.636667,0.885417,0.118171,1,4,4120
3907,0.635,0.84875,0.148629,1,4,3907
4839,0.616667,0.699167,0.172883,1,4,4839
5202,0.564167,0.6475,0.206475,1,4,5202
2429,0.41,0.75375,0.292296,0,4,2429
2918,0.356667,0.791667,0.222013,0,4,2918
3570,0.384167,0.760833,0.0833458,1,4,3570
4456,0.484167,0.71,0.205854,1,4,4456
4826,0.538333,0.647917,0.17725,1,4,4826
4765,0.494167,0.620833,0.134954,1,4,4765
4985,0.510833,0.684167,0.0223917,1,4,4985
5409,0.521667,0.70125,0.0454042,0,4,5409
5511,0.540833,0.7275,0.06345,0,4,5511
5117,0.570833,0.73375,0.0423042,0,4,5117
4563,0.566667,0.80875,0.143042,1,4,4563
2416,0.543333,0.90625,0.24815,1,4,2416
2913,0.589167,0.896667,0.141787,1,4,2913
3644,0.550833,0.71625,0.223883,1,4,3644
5217,0.506667,0.483333,0.258083,0,4,5217
5041,0.511667,0.486667,0.281717,0,4,5041
4570,0.534167,0.579583,0.175379,1,4,4570
4748,0.5325,0.701667,0.110087,1,4,4748
2424,0.541739,0.895217,0.243339,1,4,2424
4195,0.475833,0.63625,0.422275,1,4,4195
4304,0.4275,0.574167,0.221396,1,4,4304
4308,0.4225,0.629167,0.0926667,0,4,4308
4381,0.421667,0.74125,0.0995125,0,4,4381
4187,0.463333,0.772083,0.118792,1,4,4187
4687,0.471667,0.622917,0.166658,1,4,4687
3894,0.484167,0.720417,0.148642,1,4,3894
2659,0.47,0.812917,0.197763,1,4,2659
3747,0.330833,0.585833,0.229479,1,4,3747
627,0.254167,0.8825,0.351371,0,4,627
3331,0.319167,0.62375,0.176617,0,4,3331
3669,0.34,0.703333,0.10635,1,4,3669
4068,0.400833,0.68375,0.135571,1,4,4068
4186,0.3775,0.71875,0.0820917,1,4,4186
3974,0.408333,0.702083,0.136817,1,4,3974
4046,0.403333,0.6225,0.271779,1,4,4046
3926,0.326667,0.519167,0.189062,0,4,3926
3649,0.348333,0.734583,0.0920542,0,4,3649
4035,0.395,0.75875,0.057225,1,4,4035
4205,0.408333,0.721667,0.0690375,1,4,4205
4109,0.4,0.758333,0.0621958,1,4,4109
2933,0.38,0.813333,0.189067,1,4,2933
3368,0.324167,0.44625,0.314675,0,4,3368
4067,0.356667,0.552917,0.212062,0,4,4067
3717,0.440833,0.458333,0.281721,0,4,3717
4486,0.53,0.587083,0.306596,1,4,4486
4195,0.53,0.68875,0.199633,1,4,4195
1817,0.456667,0.93,0.136829,1,4,1817
3053,0.341667,0.575833,0.305362,1,4,3053
3392,0.274167,0.41,0.168533,1,4,3392
3663,0.329167,0.502083,0.224496,0,4,3663
3520,0.463333,0.684583,0.18595,0,4,3520
2765,0.4475,0.91,0.138054,1,4,2765
1607,0.416667,0.9625,0.118792,1,4,1607
2566,0.440833,0.757917,0.335825,1,4,2566
1495,0.373333,0.549167,0.167304,0,4,1495
2792,0.375,0.64375,0.0988958,1,4,2792
3068,0.375833,0.681667,0.0684208,0,4,3068
3071,0.459167,0.698333,0.208954,0,4,3071
3867,0.503478,0.743043,0.142122,1,4,3867
2914,0.458333,0.830833,0.258092,1,4,2914
3613,0.325,0.613333,0.271158,1,4,3613
3727,0.3125,0.524583,0.220158,1,4,3727
3940,0.314167,0.625833,0.100754,1,4,3940
3614,0.299167,0.612917,0.0957833,0,4,3614
3485,0.330833,0.775833,0.0839583,0,4,3485
3811,0.385833,0.827083,0.0622083,1,4,3811
2594,0.4625,0.949583,0.232583,1,4,2594
705,0.41,0.970417,0.266175,1,4,705
3322,0.265833,0.58,0.240058,1,4,3322
3620,0.290833,0.695833,0.0827167,1,4,3620
3190,0.275,0.5075,0.233221,0,4,3190
2743,0.220833,0.49,0.0665417,0,4,2743
3310,0.238333,0.670833,0.06345,1,4,3310
3523,0.2825,0.59,0.14055,1,4,3523
3740,0.3175,0.66375,0.0609583,1,4,3740
3709,0.4225,0.634167,0.268042,1,4,3709
3577,0.375,0.500417,0.260575,1,4,3577
2739,0.258333,0.560833,0.243167,0,4,2739
2431,0.238333,0.58625,0.169779,0,4,2431
3403,0.276667,0.6375,0.172896,1,4,3403
3750,0.385833,0.595417,0.0615708,1,4,3750
2660,0.428333,0.858333,0.2214,1,1,2660
3068,0.423333,0.7575,0.047275,1,1,3068
2209,0.373333,0.68625,0.274246,1,1,2209
1011,0.3025,0.5425,0.190304,0,1,1011
754,0.274783,0.681304,0.155091,0,1,754
1317,0.321739,0.506957,0.239465,0,1,1317
1162,0.325,0.7625,0.18845,1,1,1162
2302,0.29913,0.50391300000000006,0.293961,1,1,2302
2423,0.248333,0.574167,0.119412,1,1,2423
2999,0.311667,0.636667,0.134337,1,1,2999
2485,0.41,0.615833,0.220154,0,1,2485
2294,0.37,0.6925,0.192167,0,1,2294
1951,0.273043,0.381304,0.329665,0,1,1951
2236,0.15,0.44125,0.365671,1,1,2236
2368,0.1075,0.414583,0.1847,1,1,2368
3272,0.265833,0.524167,0.129987,1,1,3272
4098,0.334167,0.542083,0.167908,1,1,4098
4521,0.393333,0.531667,0.174758,0,1,4521
3425,0.3375,0.465,0.191542,0,1,3425
2376,0.224167,0.701667,0.0989,1,1,2376
3598,0.308696,0.646522,0.187552,1,1,3598
2177,0.274167,0.8475,0.131221,1,1,2177
4097,0.3825,0.802917,0.180967,1,1,4097
3214,0.274167,0.5075,0.378108,1,1,3214
2493,0.18,0.4575,0.187183,0,1,2493
2311,0.166667,0.419167,0.251258,0,1,2311
2298,0.19,0.5225,0.231358,0,1,2298
2935,0.373043,0.716087,0.34913,1,1,2935
3376,0.303333,0.443333,0.415429,1,1,3376
3292,0.19,0.4975,0.220158,1,1,3292
3163,0.2175,0.45,0.20275,1,1,3163
1301,0.173333,0.83125,0.222642,0,1,1301
1977,0.1625,0.79625,0.199638,0,1,1977
2432,0.218333,0.91125,0.110708,1,1,2432
4339,0.3425,0.835833,0.123767,1,1,4339
4270,0.294167,0.64375,0.161071,1,1,4270
4075,0.341667,0.769583,0.0733958,1,1,4075
3456,0.425,0.74125,0.342667,1,1,3456
4023,0.315833,0.543333,0.210829,0,1,4023
3243,0.2825,0.31125,0.24005,0,1,3243
3624,0.269167,0.400833,0.215792,1,1,3624
4509,0.39,0.416667,0.261817,1,1,4509
4579,0.469167,0.507917,0.189067,1,1,4579
3761,0.399167,0.672917,0.187187,1,1,3761
4151,0.313333,0.526667,0.178496,1,1,4151
2832,0.264167,0.779583,0.121896,0,1,2832
2947,0.265833,0.687917,0.175996,0,1,2947
3784,0.282609,0.622174,0.1538,1,1,3784
4375,0.354167,0.49625,0.147379,1,1,4375
2802,0.256667,0.722917,0.133721,1,1,2802
3830,0.265,0.562083,0.194037,1,1,3830
3831,0.280833,0.54,0.116929,1,1,3831
2169,0.224167,0.73125,0.289796,0,1,2169
1529,0.1275,0.464583,0.409212,0,1,1529
3422,0.2225,0.41125,0.167283,1,1,3422
3922,0.319167,0.50875,0.141179,1,1,3922
4169,0.348333,0.53125,0.1816,1,1,4169
3005,0.316667,0.752917,0.091425,1,1,3005
4154,0.343333,0.634583,0.205846,1,1,4154
4318,0.346667,0.534583,0.190929,0,1,4318
2689,0.28,0.515833,0.253112,0,1,2689
3129,0.28,0.507826,0.229083,0,1,3129
3777,0.287826,0.594348,0.205717,1,1,3777
4773,0.395833,0.567917,0.234471,1,1,4773
5062,0.454167,0.554583,0.190913,1,1,5062
3487,0.4075,0.7375,0.237567,1,1,3487
2732,0.290833,0.395833,0.421642,0,1,2732
3389,0.279167,0.41,0.205229,0,1,3389
4322,0.366667,0.490833,0.268033,1,1,4322
4363,0.359167,0.395833,0.193417,1,1,4363
1834,0.344348,0.804783,0.179117,1,1,1834
4990,0.485833,0.615417,0.226987,1,1,4990
3194,0.353333,0.657083,0.144904,1,1,3194
4066,0.414167,0.62125,0.161079,0,1,4066
3423,0.325833,0.403333,0.334571,0,1,3423
3333,0.243333,0.50625,0.228858,1,1,3333
3956,0.258333,0.456667,0.200875,1,1,3956
4916,0.404167,0.513333,0.345779,1,1,4916
5382,0.5275,0.5675,0.441563,1,1,5382
4569,0.410833,0.407083,0.4148,1,1,4569
4118,0.2875,0.350417,0.22575,0,1,4118
4911,0.361739,0.476957,0.222587,0,1,4911
5298,0.466667,0.489167,0.207713,1,1,5298
5847,0.565,0.6175,0.23695,1,1,5847
6312,0.5725,0.507083,0.115062,1,1,6312
6192,0.5575,0.579583,0.149883,1,1,6192
4378,0.435833,0.842083,0.113192,1,1,4378
7836,0.514167,0.755833,0.110704,0,1,7836
5892,0.4725,0.81,0.126883,0,1,5892
6153,0.545,0.72875,0.162317,1,1,6153
6093,0.560833,0.807917,0.121271,1,1,6093
6230,0.531667,0.82125,0.0895583,1,2,6230
6871,0.554167,0.83125,0.117562,1,2,6871
8362,0.601667,0.694167,0.1163,1,2,8362
3372,0.5025,0.885417,0.192783,0,2,3372
4996,0.4375,0.880833,0.220775,0,2,4996
5558,0.445833,0.477917,0.386821,1,2,5558
5102,0.323333,0.29,0.187192,1,2,5102
5698,0.484167,0.48125,0.291671,1,2,5698
6133,0.494167,0.439167,0.31965,1,2,6133
5459,0.37,0.580833,0.138067,1,2,5459
6235,0.424167,0.738333,0.250617,0,2,6235
6041,0.425833,0.67625,0.172267,0,2,6041
5936,0.433913,0.504348,0.312139,1,2,5936
6772,0.466667,0.396667,0.100133,1,2,6772
6436,0.541667,0.469583,0.180975,1,2,6436
6457,0.435,0.374167,0.219529,1,2,6457
6460,0.403333,0.377083,0.300388,1,2,6460
6857,0.4375,0.254167,0.274871,0,2,6857
5169,0.5,0.275833,0.232596,0,2,5169
5585,0.489167,0.3175,0.358196,1,2,5585
5918,0.446667,0.435,0.249375,1,2,5918
4862,0.348696,0.469565,0.295274,1,2,4862
5409,0.3975,0.46625,0.290429,1,2,5409
6398,0.4425,0.408333,0.155471,1,2,6398
7460,0.495,0.502917,0.190917,0,2,7460
7132,0.606667,0.507917,0.225129,0,2,7132
6370,0.664167,0.561667,0.284829,0,2,6370
6691,0.608333,0.390417,0.273629,1,2,6691
4367,0.463333,0.569167,0.167912,1,2,4367
6565,0.498333,0.6125,0.0659292,1,2,6565
7290,0.526667,0.694583,0.149871,1,2,7290
6624,0.57,0.682917,0.283587,0,2,6624
1027,0.396667,0.835417,0.344546,0,2,1027
3214,0.321667,0.766667,0.303496,1,2,3214
5633,0.413333,0.454167,0.249383,1,2,5633
6196,0.476667,0.427917,0.118792,1,2,6196
5026,0.498333,0.756667,0.176625,1,2,5026
6233,0.4575,0.400833,0.347633,1,2,6233
4220,0.376667,0.489583,0.129975,0,2,4220
6304,0.458333,0.587083,0.116908,0,2,6304
5572,0.464167,0.57,0.171638,1,2,5572
5740,0.613333,0.659583,0.156096,1,2,5740
6169,0.564167,0.797083,0.138058,1,2,6169
6421,0.56,0.768333,0.133696,1,2,6421
6296,0.6275,0.735417,0.162938,1,2,6296
6883,0.621667,0.756667,0.152992,0,2,6883
6359,0.5625,0.74,0.149879,0,2,6359
6273,0.5375,0.664167,0.230721,1,2,6273
5728,0.581667,0.685833,0.296029,1,2,5728
4717,0.575,0.744167,0.216412,1,2,4717
6572,0.505833,0.552083,0.314063,1,2,6572
7030,0.533333,0.360417,0.236937,1,2,7030
7429,0.564167,0.480417,0.123133,0,2,7429
6118,0.6125,0.57625,0.225117,0,2,6118
2843,0.573333,0.789583,0.212692,1,2,2843
5115,0.611667,0.794583,0.147392,1,2,5115
7424,0.636667,0.697917,0.122512,1,2,7424
7384,0.593333,0.52,0.229475,1,2,7384
7639,0.564167,0.523333,0.136817,1,2,7639
8294,0.6,0.45625,0.083975,0,2,8294
7129,0.620833,0.530417,0.254367,0,2,7129
4359,0.598333,0.81125,0.233204,1,2,4359
6073,0.615,0.765833,0.118167,1,2,6073
5260,0.621667,0.774583,0.102,1,2,5260
6770,0.655,0.716667,0.172896,1,2,6770
6734,0.68,0.747083,0.14055,1,2,6734
6536,0.6925,0.7325,0.198992,0,2,6536
6591,0.69,0.697083,0.215171,0,2,6591
6043,0.7125,0.67625,0.196521,0,2,6043
5743,0.7225,0.684583,0.2954,1,2,5743
6855,0.656667,0.67,0.134329,1,2,6855
7338,0.68,0.492917,0.195279,1,2,7338
4127,0.654167,0.755417,0.237563,1,2,4127
8120,0.583333,0.549167,0.186562,0,2,8120
7641,0.6025,0.493333,0.184087,0,2,7641
6998,0.5975,0.487083,0.284833,1,2,6998
7001,0.540833,0.613333,0.209575,1,2,7001
7055,0.554167,0.61125,0.077125,1,2,7055
7494,0.6025,0.567083,0.15735,1,2,7494
7736,0.649167,0.467917,0.175383,1,2,7736
7498,0.710833,0.437083,0.144287,0,2,7498
6598,0.726667,0.538333,0.133721,0,2,6598
6664,0.720833,0.587917,0.207713,1,2,6664
4972,0.653333,0.833333,0.214546,1,2,4972
7421,0.655833,0.582083,0.343279,1,2,7421
7363,0.648333,0.569583,0.253733,1,2,7363
7665,0.639167,0.589583,0.176617,1,2,7665
7702,0.631667,0.504167,0.166667,0,2,7702
6978,0.5925,0.59875,0.144904,0,2,6978
5099,0.568333,0.777917,0.174746,1,2,5099
6825,0.688333,0.69,0.148017,1,2,6825
6211,0.7825,0.592083,0.113812,1,2,6211
5905,0.805833,0.567917,0.118787,1,3,5905
5823,0.7775,0.57375,0.182842,1,3,5823
7458,0.731667,0.534583,0.179721,0,3,7458
6891,0.743333,0.479167,0.145525,0,3,6891
6779,0.715833,0.504167,0.300383,1,3,6779
7442,0.630833,0.373333,0.347642,1,3,7442
7335,0.6975,0.36,0.271775,1,3,7335
6879,0.749167,0.4225,0.17165,1,3,6879
5463,0.834167,0.48875,0.165417,1,3,5463
5687,0.765,0.60125,0.161071,0,3,5687
5531,0.815833,0.51875,0.168529,0,3,5531
6227,0.781667,0.447083,0.195267,1,3,6227
6660,0.780833,0.492083,0.126237,1,3,6660
7403,0.789167,0.53875,0.13495,0,3,7403
6241,0.8275,0.457917,0.194029,1,3,6241
6207,0.828333,0.450833,0.146142,1,3,6207
4840,0.861667,0.492083,0.163554,0,3,4840
4672,0.8225,0.57375,0.125629,0,3,4672
6569,0.710833,0.683333,0.180975,1,3,6569
6290,0.720833,0.6675,0.151737,1,3,6290
7264,0.716667,0.633333,0.151733,1,3,7264
7446,0.715833,0.529583,0.146775,1,3,7446
7499,0.731667,0.485833,0.08085,1,3,7499
6969,0.703333,0.699167,0.143679,0,3,6969
6031,0.745833,0.717917,0.166667,0,3,6031
6830,0.763333,0.645,0.164187,1,3,6830
6786,0.818333,0.505833,0.114429,1,3,6786
5713,0.793333,0.577083,0.137442,1,3,5713
6591,0.77,0.600417,0.165429,1,3,6591
5870,0.665833,0.844167,0.20896700000000001,1,3,5870
4459,0.595833,0.865417,0.2133,0,3,4459
7410,0.6675,0.7625,0.0939208,0,3,7410
6966,0.741667,0.694167,0.138683,1,3,6966
7592,0.750833,0.655,0.211454,1,3,7592
8173,0.724167,0.45,0.1648,1,3,8173
6861,0.776667,0.596667,0.284813,1,3,6861
6904,0.781667,0.594583,0.152992,1,3,6904
6685,0.755833,0.613333,0.15735,0,3,6685
6597,0.721667,0.62375,0.170396,0,3,6597
7105,0.730833,0.66875,0.153617,1,3,7105
7216,0.713333,0.704167,0.165425,1,3,7216
7580,0.7175,0.6775,0.141179,1,3,7580
7261,0.7525,0.659583,0.129354,1,3,7261
7175,0.765833,0.6425,0.215792,1,3,7175
6824,0.793333,0.613333,0.257458,0,3,6824
5464,0.769167,0.6525,0.290421,0,3,5464
7013,0.7525,0.654167,0.129354,1,3,7013
7273,0.735833,0.70375,0.116908,1,3,7273
7534,0.75,0.672917,0.1107,1,3,7534
7286,0.755833,0.620417,0.1561,1,3,7286
5786,0.715833,0.715833,0.238813,1,3,5786
6299,0.6925,0.732917,0.206479,0,3,6299
6544,0.700833,0.530417,0.122512,0,3,6544
6883,0.720833,0.545417,0.136212,1,3,6883
6784,0.726667,0.686667,0.169158,1,3,6784
7347,0.706667,0.619583,0.169771,1,3,7347
7605,0.719167,0.519167,0.141796,1,3,7605
7148,0.723333,0.570833,0.231354,1,3,7148
7865,0.678333,0.603333,0.177867,0,3,7865
4549,0.635833,0.711667,0.08645,0,3,4549
6530,0.635833,0.734167,0.129979,1,3,6530
7006,0.649167,0.67375,0.0727708,1,3,7006
7375,0.6675,0.677083,0.0702833,1,3,7375
7765,0.695833,0.635833,0.0845958,1,3,7765
7582,0.7025,0.615,0.0721458,1,3,7582
6053,0.661667,0.712917,0.244408,0,3,6053
5255,0.653333,0.845833,0.228858,0,3,5255
6917,0.703333,0.730417,0.128733,1,3,6917
7040,0.728333,0.62,0.190925,1,3,7040
7697,0.685,0.552083,0.112562,1,3,7697
7713,0.706667,0.590417,0.0771167,1,3,7713
7350,0.764167,0.5875,0.168533,1,3,7350
6140,0.753333,0.638333,0.113187,0,3,6140
5810,0.696667,0.815,0.0640708,0,3,5810
6034,0.7075,0.790833,0.151121,0,3,6034
6864,0.725833,0.755,0.236321,1,3,6864
7112,0.736667,0.74125,0.187808,1,3,7112
6203,0.696667,0.810417,0.142421,1,3,6203
7504,0.703333,0.73625,0.171646,1,3,7504
5976,0.659167,0.799167,0.281104,0,3,5976
8227,0.61,0.5475,0.224496,0,3,8227
7525,0.583333,0.50375,0.258713,1,3,7525
7767,0.5775,0.52,0.0920542,1,3,7767
7870,0.599167,0.577083,0.131846,1,3,7870
7804,0.6125,0.637083,0.0827208,1,3,7804
8009,0.633333,0.6725,0.103863,1,3,8009
8714,0.608333,0.501667,0.247521,0,3,8714
7333,0.58,0.57,0.0901833,0,3,7333
6869,0.580833,0.734583,0.151742,1,3,6869
4073,0.623333,0.8725,0.357587,1,3,4073
7591,0.5525,0.536667,0.215175,1,3,7591
7720,0.546667,0.618333,0.118167,1,3,7720
8167,0.599167,0.66875,0.154229,1,3,8167
8395,0.65,0.646667,0.283583,0,3,8395
7907,0.529167,0.467083,0.223258,0,4,7907
7436,0.514167,0.492917,0.142404,1,4,7436
7538,0.55,0.57,0.236321,1,4,7538
7733,0.635,0.630833,0.2444,1,4,7733
7393,0.65,0.690833,0.134342,1,4,7393
7415,0.619167,0.69,0.164179,1,4,7415
8555,0.5425,0.542917,0.227604,0,4,8555
6889,0.526667,0.583333,0.134958,0,4,6889
6778,0.520833,0.649167,0.0908042,1,4,6778
4639,0.590833,0.871667,0.104475,1,4,4639
7572,0.6575,0.79375,0.0665458,1,4,7572
7328,0.6575,0.722917,0.117546,1,4,7328
8156,0.615,0.6275,0.10635,1,4,8156
7965,0.554167,0.664167,0.268025,0,4,7965
3510,0.415833,0.708333,0.141162,0,4,3510
5478,0.383333,0.709583,0.189679,0,4,5478
6392,0.446667,0.761667,0.1903,1,4,6392
7691,0.514167,0.630833,0.187821,1,4,7691
7570,0.435,0.463333,0.181596,1,4,7570
7282,0.4375,0.539167,0.235092,1,4,7282
7109,0.393333,0.494583,0.146142,0,4,7109
6639,0.521667,0.640417,0.278612,0,4,6639
5875,0.561667,0.7075,0.296037,1,4,5875
7534,0.468333,0.558333,0.182221,1,4,7534
7461,0.455833,0.692917,0.101371,1,4,7461
7509,0.5225,0.728333,0.236937,1,4,7509
5424,0.563333,0.815,0.134954,1,4,5424
8090,0.484167,0.572917,0.117537,0,4,8090
6824,0.464167,0.51,0.166054,0,4,6824
7058,0.4875,0.568333,0.0814833,1,4,7058
7466,0.544167,0.641667,0.0945458,1,4,7466
7693,0.5875,0.63625,0.0727792,1,4,7693
7359,0.55,0.800417,0.124375,1,4,7359
7444,0.545833,0.807083,0.132467,1,4,7444
7852,0.53,0.72,0.235692,0,4,7852
4459,0.4775,0.694583,0.398008,0,4,4459
22,0.44,0.88,0.3582,1,4,22
1096,0.318182,0.825455,0.213009,1,4,1096
5566,0.3575,0.666667,0.166667,1,4,5566
5986,0.365833,0.581667,0.157346,1,4,5986
5847,0.355,0.522083,0.266175,1,4,5847
5138,0.343333,0.49125,0.270529,0,4,5138
5107,0.325833,0.532917,0.179108,0,4,5107
5259,0.319167,0.494167,0.236325,1,4,5259
5686,0.280833,0.567083,0.173513,1,4,5686
5035,0.295833,0.5475,0.304108,1,4,5035
5315,0.352174,0.333478,0.347835,1,4,5315
5992,0.361667,0.540833,0.214558,1,4,5992
6536,0.389167,0.645417,0.0578458,0,4,6536
6852,0.420833,0.659167,0.1275,0,4,6852
6269,0.485,0.741667,0.173517,0,4,6269
4094,0.343333,0.662917,0.342046,1,4,4094
5495,0.289167,0.552083,0.199625,1,4,5495
5445,0.321667,0.620417,0.152987,1,4,5445
5698,0.345,0.524583,0.171025,1,4,5698
5629,0.325,0.545417,0.179729,0,4,5629
4669,0.3425,0.692917,0.227612,0,4,4669
5499,0.380833,0.623333,0.235067,1,4,5499
5634,0.374167,0.685,0.082725,1,4,5634
5146,0.353333,0.61375,0.103246,1,4,5146
2425,0.34,0.580417,0.0528708,0,4,2425
3910,0.368333,0.56875,0.148021,1,4,3910
2277,0.278333,0.404583,0.376871,0,4,2277
2424,0.245833,0.468333,0.1505,0,4,2424
5087,0.313333,0.535417,0.04665,1,4,5087
3959,0.291667,0.786667,0.237562,1,4,3959
5260,0.296667,0.50625,0.210821,1,4,5260
5323,0.28087,0.555652,0.115522,1,4,5323
5668,0.298333,0.649583,0.0584708,1,4,5668
5191,0.298333,0.806667,0.0597042,0,4,5191
4649,0.3475,0.823333,0.124379,0,4,4649
6234,0.4525,0.7675,0.0827208,1,4,6234
6606,0.475833,0.73375,0.174129,1,4,6606
5729,0.438333,0.485,0.324021,1,4,5729
5375,0.255833,0.50875,0.174754,1,4,5375
5008,0.320833,0.764167,0.1306,1,4,5008
5582,0.381667,0.91125,0.101379,0,4,5582
3228,0.384167,0.905417,0.157975,0,4,3228
5170,0.435833,0.925,0.190308,1,4,5170
5501,0.353333,0.596667,0.296037,1,4,5501
5319,0.2975,0.538333,0.162937,1,4,5319
5532,0.295833,0.485833,0.174129,1,4,5532
5611,0.281667,0.642917,0.131229,1,4,5611
5047,0.324167,0.650417,0.10635,0,4,5047
3786,0.3625,0.83875,0.100742,0,4,3786
4585,0.393333,0.907083,0.0982583,1,4,4585
5557,0.410833,0.66625,0.221404,1,4,5557
5267,0.3325,0.625417,0.184092,1,4,5267
4128,0.33,0.667917,0.132463,1,4,4128
3623,0.326667,0.556667,0.374383,1,1,3623
1749,0.265833,0.44125,0.407346,0,1,1749
1787,0.245833,0.515417,0.133083,0,1,1787
920,0.231304,0.791304,0.0772304,1,1,920
1013,0.291304,0.734783,0.168726,0,1,1013
441,0.243333,0.823333,0.316546,1,1,441
2114,0.254167,0.652917,0.350133,1,1,2114
3095,0.253333,0.59,0.155471,1,1,3095
1341,0.253333,0.752917,0.124383,0,1,1341
1796,0.255833,0.483333,0.350754,0,1,1796
2729,0.215833,0.5775,0.154846,1,1,2729
