"turnover","population","distance","mall","central"
469.341656538396,1249,1.60010916739702,"0","1"
1239.89469729627,2226,1.69516777023673,"1","0"
1455.11305411401,2546,2.35934239029884,"1","0"
1181.4379832993,2191,1.96431419923902,"1","0"
1135.11713841196,1668,3.82008818648756,"0","0"
283.401917266748,1877,0.290504052117467,"0","1"
1634.22191715144,2752,3.84635466039181,"1","0"
1490.06484501354,2473,4.87855953462422,"0","0"
1915.49596776334,3769,3.9851486582309,"0","0"
1354.57671297462,1839,3.24442447572947,"0","0"
1148.36455069986,3315,1.74427543878555,"1","1"
1535.42225408264,3571,2.00056309960783,"0","1"
1444.75666827584,3274,1.10335206277668,"1","0"
1439.80070404183,3551,3.07381234429777,"1","1"
975.146923975137,2228,0.446973472088575,"1","0"
250.612097034045,1165,0.697551749274135,"0","1"
1312.96163113605,2734,3.62249857783318,"0","1"
1825.01820090948,3235,3.34694289304316,"1","0"
1381.30807638112,3659,1.98681485950947,"0","1"
575.126369574016,1092,4.5446590937674,"0","1"
1080.24442701719,2875,3.05776637978852,"1","1"
1290.75341433758,2811,4.2533514726907,"0","0"
1229.10073958949,1232,4.3339114215225,"1","0"
1390.90188914796,2242,1.49154324159026,"1","0"
806.007377125979,2028,4.86436971239746,"1","1"
1414.37386418942,1607,4.97769157029688,"1","0"
1580.91101248399,3521,4.00097683295608,"0","1"
1044.8073385396,1798,2.03129635900259,"0","0"
1996.13426477001,3494,3.51037130206823,"1","0"
1347.36565459522,2154,2.56582486741245,"1","0"
1774.86510034659,3462,2.41807390414178,"1","0"
1033.66301308912,1923,3.43852675668895,"0","1"
1474.34878538322,2320,4.38849265277386,"1","0"
1810.79770763251,3596,4.87172698043287,"0","0"
1333.57780104135,1332,3.52292906157672,"1","0"
1376.74570370049,3910,1.58623780943453,"1","1"
1017.92137424532,1577,1.65503292344511,"1","0"
1337.35193597838,3818,0.735811157524586,"1","1"
64.9064867356236,1446,0.232573329657316,"0","1"
518.402820509337,1953,0.889219217002392,"0","1"
834.225168820286,1405,1.11897658072412,"1","0"
1625.03486540843,3475,3.04252844527364,"0","1"
2151.78444053492,3015,4.19599573984742,"1","0"
953.409332723895,1727,4.45129102133214,"0","1"
1381.69059968416,2256,4.13023340962827,"1","0"
1161.42544993964,1983,4.27200021706521,"0","0"
2213.15750144469,3859,4.87009220533073,"1","0"
1276.88505101594,1745,4.01424628086388,"1","0"
1254.13425007033,2343,2.02870587259531,"1","0"
231.358145509925,1449,0.723397701978683,"0","1"
915.199416523942,2262,0.899742406979203,"1","1"
1665.949579075,3508,1.08345418907702,"1","0"
1417.3098409234,2566,3.37793062031269,"0","0"
619.98436649415,1654,2.67753720879555,"0","1"
1464.34455492537,1743,3.84048133343458,"1","0"
1074.53861078705,2098,2.85432764105499,"0","1"
689.174808362425,1700,3.06777129545808,"0","1"
1162.11323200586,3234,0.843839434534311,"1","1"
1171.64983848874,1583,3.45815291702747,"1","0"
954.040040502315,2689,1.99976918585598,"0","1"
1460.98256863609,2455,1.86199373342097,"1","0"
1613.57017239793,2333,2.5368667062372,"1","0"
699.076911358382,1154,3.85807460620999,"0","1"
739.071298908857,1919,1.5345390856266,"1","1"
1265.07671099148,2711,4.43357002958655,"1","1"
248.269876458363,1001,2.19725498966873,"0","1"
699.37654061913,2485,0.334364945441484,"0","1"
1080.99489365091,2696,2.62910195551813,"0","1"
1304.94435969462,2040,4.36428759731352,"0","0"
542.203303292961,1565,0.965326021611691,"0","1"
1415.60733508551,2912,1.73325213976204,"1","0"
1618.4562720317,3658,4.3480476912111,"1","1"
1661.99903660098,3431,0.802321815118194,"0","0"
1590.35532299924,3642,4.70715548545122,"1","1"
1217.57997543765,2743,4.35297434478998,"1","1"
884.679593718124,2052,1.65730451755226,"0","1"
888.818285246209,1562,2.05373631864786,"1","0"
1401.76475456487,3843,2.83260453529656,"1","1"
841.543844231918,1950,2.0756666585803,"1","1"
1129.84996590489,1509,4.12289560772479,"1","0"
950.506790533878,2183,1.11475569009781,"1","0"
906.215242472044,1545,2.04247950874269,"0","0"
1493.99062823575,3831,2.60627930164337,"0","1"
1739.47587785856,3301,1.56308422461152,"1","0"
1319.74281492336,2556,3.10267101563513,"0","1"
1878.69215589529,3728,4.25772294029593,"1","0"
1292.76845765783,2918,2.3631107788533,"0","1"
957.144976911124,1541,4.90624876953661,"0","1"
1107.02411505931,2355,2.35379904657602,"0","1"
969.752082795809,1661,4.781146889925,"1","1"
1439.61515759427,2457,3.16434955969453,"1","0"
531.204178392977,1689,2.05065579600632,"0","1"
759.691495428103,1490,2.63503961637616,"0","1"
1537.4979650986,2023,4.66182857044041,"1","0"
971.962900527457,1996,0.800284649431706,"1","0"
1467.42377321949,1907,4.49557870663702,"1","0"
1017.10048605719,2419,1.80232353024185,"1","1"
1101.05433004704,2458,3.96048212535679,"0","1"
1842.25962118962,3511,4.05122374519706,"1","1"
1420.98862054511,3014,3.14039368592203,"0","1"
825.476609752136,1966,2.19176061749458,"1","1"
1464.95854507943,2308,2.99668181091547,"1","0"
849.953990562833,2233,1.48870804719627,"0","1"
833.448582971479,1476,1.7443824633956,"1","0"
1108.37533489465,1596,2.80912755206227,"0","0"
1245.39184138297,3411,2.75270211547613,"0","1"
1252.1567074457,2587,1.35168888159096,"0","0"
1684.57229471304,3753,3.64150409400463,"1","1"
1151.28358562881,2175,4.70519204139709,"0","1"
759.338823971691,1560,2.05212850980461,"0","1"
1272.48712068414,2049,3.25823094770312,"1","0"
485.40857784535,1422,1.22162849605083,"1","0"
1487.073171362,2445,4.42172481901944,"1","0"
1740.50542228826,3610,3.86795100383461,"0","1"
1048.09344828017,1613,2.53610411956906,"0","0"
1114.12128987622,1678,3.82390685975552,"0","0"
995.15284244639,1590,3.27735784389079,"0","1"
444.896783950879,1623,0.991786496341228,"0","1"
1734.45115447452,2642,4.29018317908049,"1","0"
2025.27217352785,3711,3.04856064841151,"1","0"
1057.25720725747,2835,2.79729343242943,"0","1"
1209.42657541838,2613,0.747160461172462,"1","0"
2202.12751309855,3920,3.2238952960819,"1","0"
1207.60297470159,3797,0.587095842882991,"0","1"
704.294011171243,1381,0.480201844125986,"1","0"
1807.00364205664,3323,4.55628493651748,"0","0"
939.823560168207,1279,3.41662014983594,"0","0"
1787.17967237093,3936,1.41485089734197,"1","0"
1959.76785198593,3671,4.8563516240567,"0","1"
863.916723542874,2530,1.86016170978546,"0","1"
